,Baseline T=0,Baseline T=1,Baseline T=2
Alternative T=0,0.0,29949.45736972704,36830.92967741936
Alternative T=1,-29949.45736972704,0.0,6881.472307692318
Alternative T=2,-36830.92967741936,-6881.472307692318,0.0
